,Description,Unit,Qty,,Cost per Unit,,,,Total,
,19 Crimes Red Blend 750Ml,6 x Single Item,1,,¤ 47.95,,,,¤ 47.95,
,7 Up 2L,8 x Single Item,2,,¤ 13.89,,,,¤ 27.78,
,7 Up Can 330Ml,24 x Single Item,1,,¤ 11.45,,,,¤ 11.45,
,7 Up Contour Bottle 500Ml,24 x Single Item,1,,¤ 18.99,,,,¤ 18.99,
,7 Up Zero 2L,8 x Single Item,2,,¤ 13.89,,,,¤ 27.78,
,7 UP Zero Contour Btl 500ML,24 x Single Item,1,,¤ 18.99,,,,¤ 18.99,
,Absolut Passionfruit Martini,12 x Single Item,1,,¤ 27.16,,,,¤ 27.16,
,Absolut Raspberry Lemonade,12 x Single Item,1,,¤ 27.16,,,,¤ 27.16,
,Absolut Vodka 350Ml 40%,24 x Single Item,0.25,,¤ 243.84,,,,¤ 60.96,
,Absolut Vodka Naggin 200Ml 40%,24 x Single Item,0.25,,¤ 147.60,,,,¤ 36.90,
,Aviary Chardonnay 750Ml,6 x Single Item,5,,¤ 34.50,,,,¤ 172.50,
,Aviary Sauvignon Blanc 750Ml,6 x Single Item,6,,¤ 34.50,,,,¤ 207.00,
,Bacardi Breezer Orange 275Ml 4%,24 x Single Item,4,,¤ 56.15,,,,¤ 224.60,
,Bacardi Naggin 200Ml 37.5%,12 x Single Item,1,,¤ 82.10,,,,¤ 82.10,
,Bacardi Rum 350Ml 37.5%,6 x Single Item,1,,¤ 69.16,,,,¤ 69.16,
,Bacardi Rum 700Ml 37.5%,12 x Single Item,0.333299994,,¤ 254.91,,,,¤ 84.96,
,Baileys Irish Cream 350Ml 17%,12 x Single Item,0.5,,¤ 106.56,,,,¤ 53.28,
,Ballantines Scotch Whiskey 700Ml,6 x Single Item,0.833299994,,¤ 129.67,,,,¤ 108.05,
,Barefoot Cellars White Zinfan 750Ml,6 x Single Item,1,,¤ 44.95,,,,¤ 44.95,
,Barovski Vodka Naggin 200ML 37.5%,24 x Single Item,7,,¤ 106.00,,,,¤ 742.00,
,Beamish Draught Can 500Ml 4Pk 4.3%,6 x 4 Pack,1,,¤ 36.99,,,,¤ 36.99,
,Birra Moretti 330ml 10pk Can.,2 x Case 10,4,,¤ 24.79,,,,¤ 99.16,
,Birra Moretti 330ml 12 Pack 4.6%,Case 12,8,,¤ 14.79,,,,¤ 118.32,
,Birra Moretti 330ml 6pk Can 4.6%,24 x Single Item,1,,¤ 29.95,,,,¤ 29.95,
,Birra Moretti 660ml Btl 4.6%,12 x Single Item,6,,¤ 30.19,,,,¤ 181.14,
,Blossom Hill Red Wine 750Ml,6 x Single Item,1,,¤ 35.50,,,,¤ 35.50,
,Blossom Hill White Wine 750Ml,6 x Single Item,4,,¤ 34.50,,,,¤ 138.00,
,Blossom Hill White Zinfandel 750ml Bottle,6 x Single Item,40,,¤ 37.20,,,,"¤ 1,488.00",
,Boost Energy Red Berry 250ml PM1.09..,24 x Single Item,1,,¤ 13.35,,,,¤ 13.35,
,Bottega Pros Accademia Rainbow,6 x Single Item,1,,¤ 88.00,,,,¤ 88.00,
,Buckfast Tonic Wine 350Ml 15%,12 x Single Item,1,,¤ 69.50,,,,¤ 69.50,
,Bud Light 440ml 10Pk Can 3.4%.,Case 10,35,,¤ 10.30,,,,¤ 360.50,
,Budweiser 300ml 12pk Btl 4.3%,12 x Single Item,1,,¤ 11.59,,,,¤ 11.59,
,Budweiser 440ml 15pk Can 4.3%,Case 15,22,,¤ 16.99,,,,¤ 373.78,
,Budweiser 4Pk Can 4.3% 500ml,24 x Single Item,6,,¤ 36.88,,,,¤ 221.28,
,Budweiser 660ml Btl 4.3%.,12 x Single Item,3,,¤ 24.12,,,,¤ 72.36,
,Bulmers Light Bottle 1L 4.5%,12 x Single Item,4,,¤ 38.25,,,,¤ 153.00,
,Bulmers Orig 4pk 500ml CAN 4.5%.,24 x Single Item,4,,¤ 39.30,,,,¤ 157.20,
,Bulmers Original Bottle 1L 4.5%,12 x Single Item,4,,¤ 38.25,,,,¤ 153.00,
,Bushmills Original 700ml Bottle,6 x 70cl Bottle Spir,3,,¤ 117.89,,,,¤ 353.68,
,,,,,,,,,,
,,,,,,,,,,
,,,,,,,,,,
,Buzzballz Straw Rita 200ml,24 x Single Item,1,,¤ 74.00,,,,¤ 74.00,
,Buzzballz Tequilarita 200ml,24 x Single Item,1,,¤ 74.00,,,,¤ 74.00,
,Cadbury Dairymilk 53G,48 x Single Item,1,,¤ 40.99,,,,¤ 40.99,
,Capt Morgan & Cola 4pk Can 5%,6 x 4 Pack,3,,¤ 34.50,,,,¤ 103.50,
,Captain Morgan Black Rum 1Lt,12 x Single Item,1,,¤ 290.00,,,,¤ 290.00,
,Carling Can 500Ml 4 Pack 4%,6 x 4 Pack,8,,¤ 24.99,,,,¤ 199.92,
,Carlsberg Bottle 300ml 12 PK,Case 12,33,,¤ 11.39,,,,¤ 375.87,
,Carlsberg Can 500ml 12pk 4.3%,12 x Single Item,20,,¤ 15.95,,,,¤ 319.00,
,Carlsberg Can 500ml 3.4%,24 x Single Item,10,,¤ 24.95,,,,¤ 249.50,
,Carlsberg Can 500Ml 8 Pack 4.3%,3 x 8 Pack,20,,¤ 28.70,,,,¤ 574.00,
,Casillero Del Diablo Sauv Blnc 750M,6 x Single Item,5,,¤ 44.40,,,,¤ 222.00,
,Club Orange Can 330Ml,24 x Single Item,1,,¤ 13.49,,,,¤ 13.49,
,Club Rock Shandy Bot 500Ml,24 x Single Item,1,,¤ 22.45,,,,¤ 22.45,
,Clubtails Sex on the beach 355ML 10%.,24 x Single Item,2,,¤ 62.00,,,,¤ 124.00,
,Clubtails Watermelon  355ML Can 10%.,24 x Single Item,1,,¤ 62.00,,,,¤ 62.00,
,Coca Cola 1L,12 x Single Item,2,,¤ 17.99,,,,¤ 35.98,
,Coca Cola 2L,8 x Single Item,2,,¤ 24.99,,,,¤ 49.98,
,Coca Cola Can 330Ml,Case 24,2,,¤ 16.99,,,,¤ 33.98,
,Coca Cola Contour Bottle 500Ml,Case 24,2,,¤ 24.99,,,,¤ 49.98,
,Coca Cola Zero 2L,8 x Single Item,2,,¤ 19.30,,,,¤ 38.60,
,Coca Cola Zero Can 330Ml,24 x Single Item,1,,¤ 14.99,,,,¤ 14.99,
,Coca Cola Zero Contour Bottle 500Ml,24 x Single Item,1,,¤ 22.99,,,,¤ 22.99,
,Coors Light 18PK NRB 330ml,Case 18 bottle can,30,,¤ 17.00,,,,¤ 510.00,
,Coors Light Bottle 330Ml 6Pk 4.3%,4 x 6 Pack,4,,¤ 33.10,,,,¤ 132.40,
,Corona 12pk 330ml Btl 4.5%,12 x Single Item,50,,¤ 16.70,,,,¤ 835.00,
,Corona 620Ml Bottle 4.5%,12 x Single Item,3,,¤ 26.19,,,,¤ 78.57,
,Corona 6Pk Can 4.5%,4 x 6 Pack,2,,¤ 31.59,,,,¤ 63.18,
,Corona Bottle 330ml 6pk 4.5%,24 x Single Item,5,,¤ 34.79,,,,¤ 173.95,
,Crested 700ml Gift Pack 40%,6 x Single Item,0.666599989,,¤ 190.32,,,,¤ 126.87,
,Dada 3 Spice Shiraz Cab 750ml,12 x Single Item,1,,¤ 85.00,,,,¤ 85.00,
,Desperados 4pk Can 500Ml 5.9%,6 x 4 Pack,5,,¤ 49.65,,,,¤ 248.25,
,Desperados Bot 330Ml 5.9% 6Pk,4 x 6 Pack,7,,¤ 36.99,,,,¤ 258.93,
,Drs Charge,Single Item,268,,¤ 5.42,,,,"¤ 1,452.80",
,Druids 440ML 4Pk Can 5.7%,24 x Single Item,3,,¤ 30.38,,,,¤ 91.14,
,Estrella Damm 660Ml Bt 4.6%,12 x Single Item,1,,¤ 24.89,,,,¤ 24.89,
,Fanta Lemon Can 330Ml,24 x Single Item,1,,¤ 15.05,,,,¤ 15.05,
,Fanta Orange 1.75L,8 x Single Item,2,,¤ 13.65,,,,¤ 27.30,
,Fat Frog Can 250ml 3.4%,12 x Single Item,5,,¤ 14.94,,,,¤ 74.70,
,Fat Frog Pink can 250ML 4%,12 x Single Item,2,,¤ 14.94,,,,¤ 29.88,
,Faustino Vii Red 750Ml,6 x Single Item,1,,¤ 44.20,,,,¤ 44.20,
,Finlandia Classic Vodka 700Ml 40%,12 x Single Item,1,,¤ 225.00,,,,¤ 225.00,
,Fireball Whiskey Liquer 50ml 33%,10 x Single Item,3,,¤ 13.08,,,,¤ 39.25,
,Fosters Can 500Ml 6Pk 4.1%,4 x 6 Pack,1,,¤ 29.79,,,,¤ 29.79,
,Four Loko Blue 440ml can 8.4%,12 x Single Item,4,,¤ 41.25,,,,¤ 165.00,
,Four Loko Strawb Lem Can,12 x Single Item,4,,¤ 41.25,,,,¤ 165.00,
,Four Loko Tropical Can 8.4%,12 x Single Item,4,,¤ 41.25,,,,¤ 165.00,
,Franziskaner Bottle 500Ml 5% Deu,12 x Single Item,1,,¤ 22.05,,,,¤ 22.05,
,Freixenet Spanish Sauv Blanc 750ml,6 x Single Item,0.666599989,,¤ 46.50,,,,¤ 31.00,
,Freixenet Still Italian Rose 750ml,6 x Single Item,1,,¤ 48.50,,,,¤ 48.50,
,Gordons Dry Gin 350Ml 37.5%,6 x Single Item,1,,¤ 56.50,,,,¤ 56.50,
,Gordons Gin 200ml 37.5%,6 x Single Item,1,,¤ 37.00,,,,¤ 37.00,
,Gordons Pink Gin & Tonic Can,12 x Single Item,2,,¤ 24.25,,,,¤ 48.50,
,,,,,,,,,,
,,,,,,,,,,
,,,,,,,,,,
,Gordons Pink Gin& Tonic 4Pk Can 6.4%,6 x 4 Pack,5,,¤ 36.48,,,,¤ 182.40,
,Guinness 500ml 12pk Can 4.2%,Case 12,20,,¤ 17.89,,,,¤ 357.80,
,Guinness 500ml 4pk Can4.2%.,24 x Single Item,12,,¤ 35.29,,,,¤ 423.48,
,Guinness Bot 500Ml 4 Pack 4.2%,16 x Single Item,3,,¤ 30.45,,,,¤ 91.35,
,Guinness Bottle 330Ml 6 Pack 4.2%,4 x 6 Pack,3,,¤ 29.99,,,,¤ 89.97,
,Guinness Draught 0.0% 500ml Can.,24 x Single Item,2,,¤ 29.69,,,,¤ 59.38,
,Guinness Foreign Stout Bot330M 7.5%,24 x Single Item,1,,¤ 41.75,,,,¤ 41.75,
,Guinness West Indies Porter 500Ml 6,8 x Single Item,2,,¤ 14.99,,,,¤ 29.98,
,Hackenberg Pils 500ml Can,24 x Single Item,6,,¤ 26.80,,,,¤ 160.80,
,Hans Greyl Marl Sauv Blanc 750ml,6 x Single Item,2,,¤ 47.50,,,,¤ 95.00,
,Heavenly Malbec 750ml,6 x Single Item,1,,¤ 44.50,,,,¤ 44.50,
,Heavenly Sauv Blanc,6 x Single Item,2,,¤ 44.50,,,,¤ 89.00,
,Heineken 0.0 500ml 4Pk Can,24 x Single Item,5,,¤ 29.20,,,,¤ 146.00,
,Heineken 4 Pk Can ,24 x Single Item,10,,¤ 40.39,,,,¤ 403.90,
,Heineken 500ml 10pk 4.3% Can,3 x Case 10,45,,¤ 45.05,,,,"¤ 2,027.25",
,Heineken Bottle 330Ml 12Pack 4.3%,2 x Case 12,5,,¤ 26.25,,,,¤ 131.25,
,Heineken Bottle 650ML 5%,12 x Single Item,2,,¤ 32.69,,,,¤ 65.38,
,Heineken Can 500ml 6 PK 4.3%,4 x 6 Pack,20,,¤ 34.15,,,,¤ 683.00,
,Hellesbrau Lager 4pk PM5 440ml 3.5,24 x Single Item,3,,¤ 16.95,,,,¤ 50.85,
,Hendricks Gin 700Ml 41.4%,6 x Single Item,0.333299994,,¤ 197.12,,,,¤ 65.70,
,Hennessy Brandy 350Ml 40%,12 x Single Item,0.333299994,,¤ 205.94,,,,¤ 68.64,
,Hennessy XO 700ml Bottle,Single Item,1,,¤ 147.50,,,,¤ 147.50,
,High Commissioner Scot Nag 200Ml40%,48 x Single Item,0.125,,¤ 255.84,,,,¤ 31.98,
,High Commissioner Scotch 350Ml 40%,24 x Single Item,0.125,,¤ 222.00,,,,¤ 27.75,
,Hollow and Fentimans Ginger Beer Btl 4%,8 x Single Item,1,,¤ 22.99,,,,¤ 22.99,
,Hop House 13 500Ml 8Pk Can,24 x Single Item,5,,¤ 34.99,,,,¤ 174.95,
,Hop House 13 Lager Btl 650ml,12 x Single Item,1,,¤ 26.99,,,,¤ 26.99,
,Hop House 4pk 500Ml Can 4%,6 x 4 Pack,2,,¤ 35.45,,,,¤ 70.90,
,Hufi Gluten Free 440ml 4pk Can 4.2%,6 x 4 Pack,1,,¤ 30.40,,,,¤ 30.40,
,Huzzar Vodka 350Ml 37.5%,12 x Single Item,4,,¤ 99.75,,,,¤ 399.00,
,Huzzar Vodka Naggin 200Ml 37.5%,24 x Single Item,2,,¤ 112.95,,,,¤ 225.90,
,I Heart Merlot 750ml,6 x Single Item,1,,¤ 35.50,,,,¤ 35.50,
,I Heart Pinot Grigio ,6 x Single Item,10,,¤ 35.50,,,,¤ 355.00,
,I Heart Sauv Blanc 750ml,6 x Single Item,3,,¤ 35.50,,,,¤ 106.50,
,Ishka Spring Water 2L,6 x Single Item,1,,¤ 5.35,,,,¤ 5.35,
,Ishka Spring Water Flat 500Ml,24 x Single Item,2,,¤ 6.10,,,,¤ 12.20,
,Jack Daniels 50Ml 40% Mini,10 x Single Item,2,,¤ 27.50,,,,¤ 55.00,
,Jack Daniels Honey 700Ml 35%,6 x Single Item,0.666599989,,¤ 171.95,,,,¤ 114.62,
,Jack Daniels Naggin 200Ml 40%,Single,6,,¤ 9.02,,,,¤ 54.12,
,Jack Daniels Tenn Apple 700ml 35%,6 x Single Item,0.5,,¤ 171.30,,,,¤ 85.65,
,Jagermester 350ml 35%,6 x Single Item,1,,¤ 71.58,,,,¤ 71.58,
,Jameson  Irish Whiskey 500ml 40%,Single Item,5,,¤ 19.08,,,,¤ 95.40,
,Jameson Black Barrel (6pk),6 x Single Item,1,,¤ 241.50,,,,¤ 241.50,
,Jameson Ginger & Lime,12 x Single Item,1,,¤ 22.95,,,,¤ 22.95,
,Jameson Irish Whiskey 350Ml 40%,12 x Single Item,1,,¤ 159.50,,,,¤ 159.50,
,Jameson Irish Whiskey 700Ml 40%,6 x Single Item,1,,¤ 134.00,,,,¤ 134.00,
,Jameson Irish Whiskey Mini 50Ml 40%,12 x Single Item,1,,¤ 27.99,,,,¤ 27.99,
,Johnnie Walker Red Label 700Ml 40%,6 x Single Item,0.5,,¤ 123.96,,,,¤ 61.98,
,Karpackie 440ml 4 Pack Can 4.8% Pm7,24 x Single Item,5,,¤ 27.19,,,,¤ 135.95,
,Kleiner Feigling Coco Bisc 2cl ,12 x Single Item,2,,¤ 7.50,,,,¤ 15.00,
,Kopp/B Mxd Fr Can 500 4Pk pm12 4%,24 x Single Item,2,,¤ 46.85,,,,¤ 93.70,
,Kopp/B Str&Li Can 500ml 4Pk PM12 4%,24 x Single Item,3,,¤ 46.85,,,,¤ 140.55,
,,,,,,,,,,
,,,,,,,,,,
,,,,,,,,,,
,Kopparberg Mixed Fruit Alcohol Free 500ml X8 Btl,8 x Single Item,1,,¤ 14.55,,,,¤ 14.55,
,Krupnik Cherry Liqueur 50cl 30%,12 x Single Item,0.333299994,,¤ 120.97,,,,¤ 40.32,
,Krupnik Plum Liq 10cl 30%,16 x Single Item,1,,¤ 38.00,,,,¤ 38.00,
,Krupnik Vodka 40% 100Ml,16 x Single Item,1,,¤ 44.00,,,,¤ 44.00,
,Krupnik Vodka 40% 200ML,20 x Single Item,1,,¤ 96.50,,,,¤ 96.50,
,Krupnik Vodka 40% 700Ml,12 x Single Item,0.5,,¤ 179.96,,,,¤ 89.98,
,Krupnik Vodka 500ml 40%,12 x Single Item,0.25,,¤ 139.80,,,,¤ 34.95,
,Kulana Pineapple Juice,12 x Single Item,1,,¤ 18.75,,,,¤ 18.75,
,Land Of Plenty Sauvignon Blanc,6 x Single Item,1,,¤ 54.95,,,,¤ 54.95,
,Larkins Mav East Coast IPA Can,24 x Single Item,1,,¤ 39.55,,,,¤ 39.55,
,Linden Village 1Ltr PET 5%,12 x Single Item,6,,¤ 35.65,,,,¤ 213.90,
,Lomza Non Filter Bot 500Ml 5.7% Pol,20 x Single Item,1,,¤ 32.95,,,,¤ 32.95,
,Luccello Merlot 750Ml,6 x Single Item,3,,¤ 38.00,,,,¤ 114.00,
,Luccello Pinot Gr 750ML,6 x Single Item,5,,¤ 38.00,,,,¤ 190.00,
,Luccello Sauv Blanc ,6 x Single Item,1,,¤ 38.00,,,,¤ 38.00,
,Lucozade Energy Orange 380Ml,24 x Single Item,1,,¤ 19.60,,,,¤ 19.60,
,Lucozade Energy Original 380Ml,24 x Single Item,1,,¤ 19.60,,,,¤ 19.60,
,Lucozade Sport Carbon Orang 500ml,12 x Single Item,1,,¤ 16.20,,,,¤ 16.20,
,Luna Di Luna Pinot Grigio Venezie,6 x Single Item,9,,¤ 42.50,,,,¤ 382.50,
,Malibu & Pineapple 250Ml Can,12 x Single Item,3,,¤ 25.49,,,,¤ 76.47,
,Malibu Rum 700Ml 21%,6 x Single Item,2,,¤ 84.00,,,,¤ 168.00,
,Malibu Strawberry Daiquiri Can 5%,12 x Single Item,5,,¤ 21.51,,,,¤ 107.53,
,Mateus Rose 750Ml,12 x Single Item,1,,¤ 86.00,,,,¤ 86.00,
,Midleton Barry Crockett Whiskey 46%,3 x Single Item,0.333299994,,¤ 660.94,,,,¤ 220.29,
,Miller 330Ml 12 Pk Btl 4.7%,Case 12,6,,¤ 11.65,,,,¤ 69.90,
,Molson Canadian 500ml 4pk Can,24 x Single Item,2,,¤ 31.29,,,,¤ 62.58,
,Molson Canadian Can 500Ml 8Pk 4%,3 x 8 Pack,19,,¤ 27.26,,,,¤ 517.85,
,Monster Energy Mango Loco 500ml Can,24 x Single Item,1,,¤ 30.70,,,,¤ 30.70,
,Monster Energy Ultra Zero 500Ml,24 x Single Item,1,,¤ 27.30,,,,¤ 27.30,
,Moretti 0.0 330Ml 4Pk Btl.,24 x Single Item,1,,¤ 32.55,,,,¤ 32.55,
,Murphys Draught Can 500ml 4pk 4%,6 x 4 Pack,1,,¤ 36.99,,,,¤ 36.99,
,Nestle Yorkie Milk 46G.,24 x Single Item,1,,¤ 17.99,,,,¤ 17.99,
,Nestle Yorkie Raisin & Biscuit,24 x Single Item,1,,¤ 20.50,,,,¤ 20.50,
,Nosecco Sparkling Rose Low Alc 75cl,6 x Single Item,3,,¤ 19.20,,,,¤ 57.60,
,Orchard Thieves Cid 500Ml 8Pk 4.5%,3 x 8 Pack,7,,¤ 34.82,,,,¤ 243.74,
,Orchard Thieves Light can 500ml 8pk,3 x 8 x Single Item,2,,¤ 34.82,,,,¤ 69.64,
,Orchard Thieves Wild 4pk 500ml Can,24 x Single Item,2,,¤ 35.99,,,,¤ 71.98,
,Orchard Thv 4Pk 500Ml Can PME 7 4.5%,6 x 4 Pack,5,,¤ 35.99,,,,¤ 179.95,
,Paddy Irish Whiskey 350Ml 40%,12 x Single Item,1,,¤ 117.00,,,,¤ 117.00,
,Paddy Irish Whiskey 700Ml 40%,6 x Single Item,2,,¤ 108.50,,,,¤ 217.00,
,Paddy Irish Whiskey Nag 200Ml 40%,24 x Single Item,1,,¤ 140.95,,,,¤ 140.95,
,Perla Chmielowa Beer 50Cl Btl 6% Po,Case 20,5,,¤ 25.95,,,,¤ 129.75,
,Perla Export Bt 500ml 5.2%,20 x Single Item,10,,¤ 23.65,,,,¤ 236.50,
,Perla Mocna Beer Bot 500Ml 7.6% Pol,20 x Single Item,2,,¤ 30.70,,,,¤ 61.40,
,Peroni 330ml 10Pk Can 5%,2 x Case 10,2,,¤ 27.30,,,,¤ 54.60,
,Peroni 330Ml 12 Pack Btl,Case 12,4,,¤ 14.55,,,,¤ 58.20,
,Peroni Btl 660ml 5% ITA,15 x Single Item,5,,¤ 35.65,,,,¤ 178.25,
,Pink Juan Likoer 20ml shot 15%,25 x Single Item,8,,¤ 13.99,,,,¤ 111.92,
,Piranha Apple Shots 25ml,12 x Single Item,4,,¤ 7.75,,,,¤ 31.00,
,Powers Irish Whskey Minis 71Ml 40%,12 x Single Item,2,,¤ 32.59,,,,¤ 65.18,
,Prince Laurent Champagne Brut 750ml,6 x Single Item,0.5,,¤ 135.00,,,,¤ 67.50,
,Prosecco Frizzante Sachetto 200ml,24 x Single Item,1,,¤ 68.00,,,,¤ 68.00,
,,,,,,,,,,
,,,,,,,,,,
,,,,,,,,,,
,Ramon Bilbao Rioja Reserva 750ml,6 x Single Item,0.5,,¤ 84.00,,,,¤ 42.00,
,Red Bull Energy Can 250Ml,24 x Single Item,2,,¤ 27.99,,,,¤ 55.98,
,Redbreast 15 Yr Old 700ml Bottle,Single Item,1,,¤ 86.00,,,,¤ 86.00,
,Ritz 500ml 4pk can,24 x Single Item,1,,¤ 36.99,,,,¤ 36.99,
,Rockshore Apple Cider 8Pk Can 4%,24 x Single Item,2,,¤ 30.92,,,,¤ 61.84,
,Rockshore Irish Lager 8pk Can 4%,24 x Single Item,20,,¤ 29.99,,,,¤ 599.80,
,Rye River Big Bangin IPA BTL,12 x Single Item,2,,¤ 28.25,,,,¤ 56.50,
,Rye River Retro Ipa Btl,12 x Single Item,2,,¤ 19.50,,,,¤ 39.00,
,Rye River Upstream Btl,12 x Single Item,1,,¤ 24.65,,,,¤ 24.65,
,Saint Omer Strong Can 500Ml 8% Fra,24 x Single Item,4,,¤ 37.30,,,,¤ 149.20,
,Santa Rita 120 Cabernet Sauv 750Ml,12 x Single Item,1,,¤ 77.50,,,,¤ 77.50,
,Santa Rita 120 Merlot 750Ml,12 x Single Item,1,,¤ 77.50,,,,¤ 77.50,
,Santa Rita 120 Sauv Blanc 750Ml,12 x Single Item,2,,¤ 77.50,,,,¤ 155.00,
,Santa Rita Sauvignon Blanc 0.0%,6 x Single Item,1,,¤ 29.95,,,,¤ 29.95,
,Schweppes Slim Elderflower Tonic 1L,12 x Single Item,1,,¤ 18.95,,,,¤ 18.95,
,Schweppes Soda Water 1 Ltr Bottle,12 x Single Item,1,,¤ 18.95,,,,¤ 18.95,
,Smirnoff & Cranberry Can 250Ml 5%,12 x Single Item,3,,¤ 24.25,,,,¤ 72.75,
,Smirnoff 350Ml 37.5%,6 x Single,20,,¤ 50.87,,,,"¤ 1,017.32",
,Smirnoff 500Ml 37.5%,6 x Single Item,2,,¤ 75.49,,,,¤ 150.98,
,Smirnoff Ice 275ml Bottle,24 x Single Item,2,,¤ 28.89,,,,¤ 57.78,
,Smirnoff Ice 700Ml 4%,6 x Single Item,6,,¤ 22.45,,,,¤ 134.70,
,Smirnoff Ice Raspberry 70cl 4%,6 x Single Item,2,,¤ 22.49,,,,¤ 44.98,
,Smirnoff Ice Tropical 4% 700Ml,6 x Single Item,1,,¤ 22.49,,,,¤ 22.49,
,Smirnoff Mini 50Ml 37.5%,12 x Single Item,5,,¤ 18.85,,,,¤ 94.25,
,Smirnoff Naggin 200Ml 37.5%,6 x Single Item,30,,¤ 30.53,,,,¤ 915.90,
,Smithwicks Can 500ml 4PK 3.8%,24 x Single Item,1,,¤ 33.78,,,,¤ 33.78,
,Sombrero Teq Beer Bot 330Ml 3Pk5.9%,8 x 3 Pack,3,,¤ 28.50,,,,¤ 85.50,
,Squealing Pig Malbac Mendoza,6 x Single Item,1,,¤ 47.50,,,,¤ 47.50,
,Staropramen 660Ml Btl 5%,12 x Single Item,5,,¤ 26.49,,,,¤ 132.45,
,Stella 500ml 4pk Can 4.6%.,24 x Single Item,5,,¤ 36.99,,,,¤ 184.95,
,Stella Artois 660ml BTL 4.6%,12 x Single Item,3,,¤ 25.85,,,,¤ 77.55,
,Stiegl Hell Helles Lager 4.5%,20 x Single Item,1,,¤ 37.42,,,,¤ 37.42,
,Teeling Single Malt Tube 700Ml 46%,Single Item,3,,¤ 35.33,,,,¤ 105.99,
,Tennents 440ml Can 4 Pack 4%,24 x Single Item,5,,¤ 26.37,,,,¤ 131.85,
,Tiger Beer Bot 500Ml 4.8%,12 x Single Item,3,,¤ 27.80,,,,¤ 83.40,
,TK  Red Lemonade 2L,8 x Single Item,2,,¤ 9.19,,,,¤ 18.38,
,TK  White Lemonade 2L,8 x Single Item,1,,¤ 9.19,,,,¤ 9.19,
,Tuborg Can 440ml 6PK 4% BB27/5,4 x 6 Pack,5,,¤ 24.99,,,,¤ 124.95,
,Tullamore Dew Ir Whiskey 700Ml 40%,6 x Single Item,1,,¤ 110.50,,,,¤ 110.50,
,Villa Maria Sauvignon Blanc 750Ml,6 x Single Item,1,,¤ 59.95,,,,¤ 59.95,
,West Coast Cooler 250Ml 4%,24 x Single Item,1,,¤ 46.50,,,,¤ 46.50,
,West Coast Cooler 750Ml 4%,12 x Single Item,1,,¤ 54.20,,,,¤ 54.20,
,West Coast Cooler Rose 250Ml 4%,24 x Single Item,1,,¤ 46.50,,,,¤ 46.50,
,West Coast Cooler Rose 750Ml 4%,12 x Single Item,3,,¤ 54.20,,,,¤ 162.60,
,West Cork Bourbon Cask 200ml,24 x Single Item,0.166700006,,¤ 136.77,,,,¤ 22.80,
,West Cork Bourbon Cask 700Ml,6 x Single Item,1.666599989,,¤ 115.20,,,,¤ 191.99,
,White Claw Nat. Lim 4pk Seltz 4.5cn,24 x Single Item,2,,¤ 45.20,,,,¤ 90.40,
,White Claw Watermelon 4PK,24 x Single Item,2,,¤ 45.20,,,,¤ 90.40,
,Wkd Berry Daiquiri Cocktail 700ml,6 x Single Item,1,,¤ 25.99,,,,¤ 25.99,
,Wkd Blue 275ml 4% 10pk,Case 10,50,,¤ 12.39,,,,¤ 619.50,
,Wkd Blue Lagoon Cocktail 700ml 5.5%,6 x Single Item,1,,¤ 25.99,,,,¤ 25.99,
,Wrigleys Extra Spearmint 25G,30 x Single Item,1,,¤ 18.20,,,,¤ 18.20,
,,,,,,,,,,
,,,,,,,,,,
,,,,,,,,,,
,Yellow Tail Chardonnay,6 x Single Item,1,,¤ 42.50,,,,¤ 42.50,
,Yellow Tail Malbec 750ml,6 x Single Item,1,,¤ 42.50,,,,¤ 42.50,
,Yellow Tail Pinot Grigio 750ml Bottle,6 x Single Item,2,,¤ 44.50,,,,¤ 89.00,
,Yellow Tail Shiraz 750Ml,6 x Single Item,1,,¤ 46.50,,,,¤ 46.50,
,Zywiec Can 500Ml 4Pk 5.6% Pol,6 x 4 Pack,3,,¤ 37.69,,,,¤ 113.07,
,,,,,,,,,,
,,,,,Totals,,,,"¤ 35,179.76",
,,,,,,,,,,
,,,,,"¤ 7,757.20",,,,€ ,
,,,,,,,,,,
,,,,,,,,,,
